Neighborhood,luas area(km squared),Borough,Latitude,Longitude
Semarang Tengah,6.14,Jawa Tengah,-6.9787,110.4218
Semarang Barat,21.74,Jawa Tengah,-6.9834,110.3887
Semarang Utara,10.97,Jawa Tengah,-6.9625,110.4186
Semarang Timur,7.7,Jawa Tengah,-6.974,110.4366
Gayamsari,6.177,Jawa Tengah,-6.978,110.4463
Gajah Mungkur,9.07,Jawa Tengah,-7.0099,110.4054
Genuk,27.39,Jawa Tengah,-6.9614,110.4784
Pedurungan,20.72,Jawa Tengah,-7.0012,110.4761
Candisari,6.54,Jawa Tengah,-7.0159,110.4289
Banyumanik,25.69,Jawa Tengah,-7.0607,110.4189
Gunungpati,54.11,Jawa Tengah,-7.0656,110.3751
Tembalang,44.2,Jawa Tengah,-7.0465,110.4567
Tugu,31.78,Jawa Tengah,-6.9635,110.3346
Ngaliyan,37.99,Jawa Tengah,-7.0008,110.3365
Mijen,57.55,Jawa Tengah,-7.0522,110.3196
Semarang Selatan,5.928,Jawa Tengah,-6.9969,110.4257
