District,Male,Female,Total
Semarang Tengah,29322,31751,61073
Semarang Barat,78337,80681,159018
Semarang Utara,61938,63857,125795
Semarang Timur,35647,37844,73491
Gayamsari,36732,37222,73954
Gajah Mungkur,29639,30507,60146
Genuk,57300,56952,114252
Pedurungan,95788,97010,192798
Candisari,39576,40914,80490
Banyumanik,69203,70724,139927
Gunungpati,47035,46831,93866
Tembalang,89058,89772,178830
Tugu,16776,16690,33466
Ngaliyan,69032,69586,138618
Mijen,36754,36725,73479
Semarang Selatan,33827,35548,69375
Total,825964,842614,1668578
