District,Areas Region(km squared),Borough,Latitude,Longitude,Male Population,Female Population,Total Population
Semarang Tengah,6.14,Jawa Tengah,-6.9787,110.4218,29322,31751,61073
Semarang Barat,21.74,Jawa Tengah,-6.9834,110.3887,78337,80681,159018
Semarang Utara,10.97,Jawa Tengah,-6.9625,110.4186,61938,63857,125795
Semarang Timur,7.7,Jawa Tengah,-6.974,110.4366,35647,37844,73491
Gayamsari,6.177,Jawa Tengah,-6.978,110.4463,36732,37222,73954
Gajah Mungkur,9.07,Jawa Tengah,-7.0099,110.4054,29639,30507,60146
Genuk,27.39,Jawa Tengah,-6.9614,110.4784,57300,56952,114252
Pedurungan,20.72,Jawa Tengah,-7.0012,110.4761,95788,97010,192798
Candisari,6.54,Jawa Tengah,-7.0159,110.4289,39576,40914,80490
Banyumanik,25.69,Jawa Tengah,-7.0607,110.4189,69203,70724,139927
Gunungpati,54.11,Jawa Tengah,-7.0656,110.3751,47035,46831,93866
Tembalang,44.2,Jawa Tengah,-7.0465,110.4567,89058,89772,178830
Tugu,31.78,Jawa Tengah,-6.9635,110.3346,16776,16690,33466
Ngaliyan,37.99,Jawa Tengah,-7.0008,110.3365,69032,69586,138618
Mijen,57.55,Jawa Tengah,-7.0522,110.3196,36754,36725,73479
Semarang Selatan,5.928,Jawa Tengah,-6.9969,110.4257,33827,35548,69375
